{
  "n_estimators": 273,
  "learning_rate": 0.03822726574649208,
  "max_depth": 3,
  "num_leaves": 118,
  "subsample": 0.7035119926400067,
  "colsample_bytree": 0.8650089137415928,
  "min_child_samples": 38,
  "min_child_weight": 0.039841905944346875,
  "reg_lambda": 0.1537592023548176,
  "reg_alpha": 0.0007389678458573185
}