{
  "development": {
    "roc_auc": 0.8718269100977925,
    "pr_auc": 0.41139182820351267,
    "ks": 0.5864169939864382,
    "precision_at_0_5": 0.2137358184764992,
    "recall_at_0_5": 0.7930343272362816
  },
  "oot": {
    "roc_auc": 0.8720227711760641,
    "pr_auc": 0.4189174139140364,
    "ks": 0.5857363500205383,
    "precision_at_0_5": 0.22062645328956368,
    "recall_at_0_5": 0.7891389432485323
  }
}